{
	"info": {
		"_postman_id": "78bf5484-2ac9-4c2a-afdc-a2da85b385cc",
		"name": "DemoAppApi",
		"schema": "https://schema.getpostman.com/json/collection/v2.1.0/collection.json"
	},
	"item": [
		{
			"name": "login",
			"request": {
				"method": "POST",
				"header": [],
				"body": {
					"mode": "raw",
					"raw": "{\r\n    \"username\": \"admin123\",\r\n    \"password_hash\": \"admin\"\r\n}",
					"options": {
						"raw": {
							"language": "json"
						}
					}
				},
				"url": {
					"raw": "http://localhost:8080/api/user/login",
					"protocol": "http",
					"host": [
						"localhost"
					],
					"port": "8080",
					"path": [
						"api",
						"user",
						"login"
					]
				}
			},
			"response": []
		},
		{
			"name": "Add User Login",
			"request": {
				"method": "POST",
				"header": [],
				"body": {
					"mode": "raw",
					"raw": "{\r\n    \"username\":\"admin123\",\r\n    \"password_hash\":\"admin\",\r\n    \"account_number\":\"\",\r\n    \"accessToken\": \"\",\r\n    \"createdAt\": \"\",\r\n    \"updateAt\": \"\"\r\n}   ",
					"options": {
						"raw": {
							"language": "json"
						}
					}
				},
				"url": {
					"raw": "http://localhost:8080/api/user/register",
					"protocol": "http",
					"host": [
						"localhost"
					],
					"port": "8080",
					"path": [
						"api",
						"user",
						"register"
					]
				}
			},
			"response": []
		},
		{
			"name": "Add Trx Type",
			"request": {
				"method": "POST",
				"header": [],
				"body": {
					"mode": "raw",
					"raw": "{\r\n    \"username\":\"admin123\",\r\n    \"password_hash\":\"admin\",\r\n    \"account_number\":\"\",\r\n    \"accessToken\": \"\",\r\n    \"createdAt\": \"\",\r\n    \"updateAt\": \"\"\r\n}   ",
					"options": {
						"raw": {
							"language": "json"
						}
					}
				},
				"url": {
					"raw": "http://localhost:8080/api/user/register",
					"protocol": "http",
					"host": [
						"localhost"
					],
					"port": "8080",
					"path": [
						"api",
						"user",
						"register"
					]
				}
			},
			"response": []
		},
		{
			"name": "ListUser",
			"request": {
				"auth": {
					"type": "noauth"
				},
				"method": "POST",
				"header": [
					{
						"key": "Authorization",
						"value": "{{token}}",
						"type": "default"
					}
				],
				"url": {
					"raw": "http://localhost:8080/api/user/list",
					"protocol": "http",
					"host": [
						"localhost"
					],
					"port": "8080",
					"path": [
						"api",
						"user",
						"list"
					]
				}
			},
			"response": []
		},
		{
			"name": "List Transaction By User Id",
			"request": {
				"auth": {
					"type": "noauth"
				},
				"method": "POST",
				"header": [
					{
						"key": "Authorization",
						"value": "{{token}}",
						"type": "default"
					}
				],
				"body": {
					"mode": "urlencoded",
					"urlencoded": []
				},
				"url": {
					"raw": "http://localhost:8080/api/transaction/listTransaction",
					"protocol": "http",
					"host": [
						"localhost"
					],
					"port": "8080",
					"path": [
						"api",
						"transaction",
						"listTransaction"
					]
				}
			},
			"response": []
		},
		{
			"name": "Add Transaction",
			"request": {
				"method": "POST",
				"header": [
					{
						"key": "Authorization",
						"value": "eyJhbGciOiJIUzUxMiJ9.eyJzdWIiOiJhZG1pbjEyMyIsImV4cCI6MTY0OTUyNDQ3NCwiaWF0IjoxNjQ5NTA2NDc0fQ.dMBJgbevKLsmx3p9odYWSpogPiiQkJrNcirQnFDra5cGwFGUryGB85dLw7m3AI6bvx8LStn4XYpSuSo5kWGLSA",
						"type": "default"
					}
				],
				"body": {
					"mode": "raw",
					"raw": "{\r\n    \"amount\" : \"1000000\",\r\n    \"trxTypeId\" : \"31\"\r\n}",
					"options": {
						"raw": {
							"language": "json"
						}
					}
				},
				"url": {
					"raw": "http://localhost:8080/api/transaction/addTransaction",
					"protocol": "http",
					"host": [
						"localhost"
					],
					"port": "8080",
					"path": [
						"api",
						"transaction",
						"addTransaction"
					]
				}
			},
			"response": []
		}
	],
	"event": [
		{
			"listen": "prerequest",
			"script": {
				"type": "text/javascript",
				"exec": [
					""
				]
			}
		},
		{
			"listen": "test",
			"script": {
				"type": "text/javascript",
				"exec": [
					""
				]
			}
		}
	],
	"variable": [
		{
			"key": "token",
			"value": "eyJhbGciOiJIUzUxMiJ9.eyJzdWIiOiJvdmFsZG9lcmVucyIsImV4cCI6MTY0OTUyODE3NywiaWF0IjoxNjQ5NTEwMTc3fQ.XqVYWhGmzDFxFqQR3jnEVWjiT0M7BZwPoGoaSLU0zq_Kaspt1W_MEK1cF8R-bpcMWfYiq--QJsFHkxNlPWukeA",
			"type": "default"
		}
	]
}